Ligand,O00519
324655849 [COc1cc(-n2nc(C3CCCC3)cc2Cl)c(F)cn1],0.9889575839042664
MolPort-013-178-693 [CCCNC(C)c1nnc(COc2ccc(Cl)cc2)o1],0.9724838733673096
MolPort-038-277-352 [COc1ccc2c(c1)CC(CC(C)(C)C(=O)O)S2(=O)=O],0.9630439877510071
MolPort-040-760-491 [N#Cc1ccc(S(=O)(=O)N2CCSCC2C2CCC2)cc1F],0.9622349143028259
MolPort-044-754-471 [O=C(Nc1ccccc1F)C1CCCN(c2ccc(C3CC3)nn2)C1],0.9771783947944641
